{"stat.flyOneCm":7824,"stat.walkOneCm":3585,"stat.drop":1,"stat.jump":36,"stat.swimOneCm":61,"stat.playOneMinute":1891,"stat.fallOneCm":627,"stat.killEntity.Sheep":1,"stat.leaveGame":1,"stat.pickup.minecraft.wool":2,"stat.damageDealt":80,"stat.mineBlock.minecraft.wool":1,"stat.timeSinceDeath":1891,"stat.sprintOneCm":2261,"stat.mobKills":1,"stat.drop.minecraft.wool":1,"stat.useItem.minecraft.stone_slab2":1,"stat.mineBlock.minecraft.tallgrass":2,"stat.pickup.minecraft.mutton":2,"stat.diveOneCm":235}