{
  "inventorypets:inventorypets/root": {
    "criteria": {
      "auto": "2024-06-29 16:44:36 +0000"
    },
    "done": true
  },
  "minecraft:recipes/food/bread": {
    "criteria": {
      "has_wheat": "2024-06-29 16:47:04 +0000"
    },
    "done": true
  },
  "minecraft:recipes/misc/melon_seeds": {
    "criteria": {
      "has_melon": "2024-06-29 16:47:04 +0000"
    },
    "done": true
  },
  "iceandfire:iceandfire/root": {
    "criteria": {
      "tick": "2024-06-29 16:44:36 +0000"
    },
    "done": true
  },
  "minecraft:recipes/building_blocks/melon_block": {
    "criteria": {
      "has_melon": "2024-06-29 16:47:04 +0000"
    },
    "done": true
  },
  "mowziesmobs:root": {
    "criteria": {
      "custom_test_name": "2024-06-29 16:44:36 +0000"
    },
    "done": true
  },
  "inventorypets:inventorypets/magmacube": {
    "criteria": {
      "crafting_table": "2024-06-29 16:46:27 +0000"
    },
    "done": true
  },
  "minecraft:recipes/brewing/speckled_melon": {
    "criteria": {
      "has_melon": "2024-06-29 16:47:04 +0000"
    },
    "done": true
  },
  "minecraft:adventure/adventuring_time": {
    "criteria": {
      "forest": "2024-06-29 16:46:32 +0000",
      "forest_hills": "2024-06-29 16:44:36 +0000",
      "plains": "2024-06-29 16:47:46 +0000",
      "taiga": "2024-06-29 16:47:40 +0000",
      "extreme_hills": "2024-06-29 16:47:19 +0000",
      "river": "2024-06-29 16:47:11 +0000"
    },
    "done": false
  }
}